id,testo,years
http://vespasianodabisticciletters.unibo.it/tomasi-letter-1-maintext,"Vespasiano mio dolcissimo, le lettere le quali per Andrea linaiuolo ci mandasti sono state a noi tutti molto grate et gioconde, ma certamente più grata ci sarebbe stata la venuta tua, la quale con somma letitia tutti aspectavamo: il perché molto ci duole che le tue occupationi ci abbino impedito et toltoci un pocho di consolatione della tornata tua. E ringratiamenti ci fai in nessuno modo si convenghono; più tosto da dovere essere colpati noi, che non facemmo quello meritava l'umanità tua. Fucci el buono animo et la buona volontà: il perché penso ci avessi per schusati. Delle lode scrivi di me nella tua lettera, certamente el desiderio et l'amore - el quale spesse volte rende giudicii falsi assai te ne 'nghanna; peroché pensi quelle virtù essere in Donato tuo, le quali sono certo disiderresti fussono. Altro al presente non achade, se non che Christo ti conservi et rimanditi a noi presto. Questi pochi versi ho scripto colla penna dell'ariento, la quale mi fu molto grata insieme co' calami.",1446
http://vespasianodabisticciletters.unibo.it/tomasi-letter-2-maintext,"Vehementer me oblectant littere tue, Philippe dulcissime, non eo solum quod tanta facilitate sunt scripte, ut a prisco epistolarum modo nequaquam abhorreant, sed etiam quia cum eas video semper recursat in animo dulcissima recordatio amicitie nostre. Superioribus vero meis certiorem te reddidi Florentie neminem esse qui ad fragmenta scribat. Reperirentur vero scriptores ad volumina eo pacto quo exoptas, hoc est ut unumquodque latus quinquaginta lineas, versus vero singuli elementa septuaginta continerent. Pretium unius voluminis essent grossi sex. Littere scriptoris potiores tuis sunt, quarum formam misissem certe cum his litteris, nisi prohibuissent nonnulle occupationes mee. Decerne igitur quicquid tibi videtur, deinde de proposito tuo fac aliquid sentiam. Praeterea, ut intelligas me sedulo invigilare rebus tuis, certiorem te reddo habuisse me equidem summo labore Lactantium super Statium, optimum sane et emendatum. Forma scripture fusa est et velox. Scribe igitur quid sit agendum. De Roberto autem nostro nescio quid dicam; postquam enim recessit a nobis, non habui unquam litteras. Novi solum ex Procuratore regis Anglie laborasse eum diutius nescio morbo quo, demumque ad bonam valitudinem esse redactum. Qui si impresentiarum valet, gaudeo plurimum.",1448
http://vespasianodabisticciletters.unibo.it/tomasi-letter-3-maintext,"Paucis ante diebus respondidi litteris tuis, Philippe mi. Has scribo, quia audio isthic esse Lycurgi et Numme vitas eleganter conversas. Eas ego habere cupio. Quod si ita est ut intelligo, oro humanitatem tuam ut fusa scriptura ab aliquo ambas transcribi faciat certioremque me reddat de impensa, quam exsolvam grato animo. Ego vero hunc laborem tibi dedo fretus amicitia nostra. Tu, versavice, utere me ut lubet in omnibus rebus, quem certe etiam opinione promptiorem inveneris.",1448
http://vespasianodabisticciletters.unibo.it/tomasi-letter-4-maintext,"Suscepi nuper litteras tuas, quibus nescio quid gratius suscipi a me poterat. Intelligo enim quanta sit tua erga me benivolentia, ut animus promptus obsequi voto meo, pro qua quidem re ago tibi gratias immortales. Iis vero certior sum factus creationem Cardinalium tibi impedimento fuisse quominus Sanctitatem Domini Nostri visitaveris; perturbata enim esse omnia, neque Scriptores neque Signatores domi adhuc esse susceptos. Que quidem documenta eiusmodi sunt, ut haud sciam an prudentius sit sperare quam timere. Deus fortunet res nostras. Tu vero ex secundis litteris fac aliquid sentiam de negotio amborum. Domino Joanni et reliquis amicis et de litteris et de re tua dixi id quod desiderabas, sed ille asserit litteras se misisse. De Cardinalibus que scribis mihi gratissima sunt: viri enim habentur probatissimi et digni qui ad talem dignitatem, assumerentur.",1448
http://vespasianodabisticciletters.unibo.it/tomasi-letter-5-maintext,"Reverende in Christo pater et domine mi singularissime, habui nuper litteras a Nicholao Xaston, que etsi semper mihi sint grate, heae certe fuerunt gratissime, non eo solum quod pro suo in me amore me oblectarunt satis, sed etiam quod novi Dominationem Vestram optime valere, quo mihi nil potest esse suavius. Quod autem scribit fuisse vos in continuis occupationibus et maximis negotiis, sperareque res vestras successuras ex voto, si ita eveniet gaudebo non mediocriter; intelligo enim me omnino situm esse in vobis, fortunamque meam aut secundam aut adversam pendere ex fortuna et dignitate vestra. Opera Tertulliani et Athanasij et Gregorij Nazanzeni in papiro scripta cum superioribus litteris misi, que iam habuisse vos puto. De Vitis Plutarchi et reliquis operibus expecto cognoscere propositum vestrum. Hic nil aliud restat, quod agendum sit, nisi reliquum quiddam Laertij Diogenis, quod brevi absolvetur. Ego me vobis plurimum commendo.",1448
http://vespasianodabisticciletters.unibo.it/tomasi-letter-6-maintext,"Egli è più dì ch'io ricevetti una tua, alla quale non ho potuto prima fare risposta per molte et varie occhupationi publice di questa nostra benedecta città, le quali quanto più fuggho, tanto più a ghara mi corrono dietro. Et io vorrei pure in queste cose gratificare a Dio, al quale io sono certo che lle piacciono grandemente, et satisfare a me medesimo et al debito che mi pare avere verso la patria, poiché la m'ingenerò, che Idio gliel perdoni, ch'ella m'ha dato et dà et darà sempre bigha; et io ho facto, fo et farò durante la vita il contrario a llei sine intermissione, benché lui paia essere certo ch'io non abbi avere né altro grado né altro merito che l'usato. Pure nientedimeno io spero et confidomi nell'eterno giudice qui non mentitur, et retribuet unicuique secundum opera sua, et qui scrutatur corda et renes, Deus. Et per questa cagione io vi metto tempo assai, per non lasciare alchuna cosa adietro che s'appartengha o alla degnità di qualunque magistrato io habbia, o a qualunche commissione mi sia facta. Et quando io mi trovavo degli Otto al tempo degli altri Priori, ne fe' parecchi pruove, peroché in verità in quel tempo l'ufficio nostro governava il tutto; et poi, al tempo de' presenti, ho avuto anchora circa all'ordinatione s'è presa de' facti del Comune pur delle brighe et noie assai. Et pertanto ti priegho m'ametta la schusa del non t'avere prima risposto. Tu prendi scusa del non m'avere scripto prima, la quale in verità è molto gentile et è dirittamente oratoria. Et benché tu sia dotato di buono ingegno più che non si richiede all'arte et alla professione tua, credo nientedimeno che tu l'abbi presa più tosto dall'artificio che dalla natura: che mi piace assai, perché intendo che a un tracto tu faccia un viaggio et parecchi servigi, perché tu fuggi la morìa consolandoti cogli amici e 'mpari le cose gentili da cotesti gharzoni, che in verità sono una coppia la quale è, come dice el poeta, rara avis in terris nigroque simillima cigno. Preterea tu impari quell'arte che fa i suoi professori avanzano gli altri huomini. Hoc enim, ut inquit Cicero, prestamus vel maxime feris: quod loquimur inter nos et quod exprimere dicendo sensa possumus. Et alibi verba hec ponit: Ac mihi quidem videntur homines, cum multis rebus humiliores et infirmiores sint, hac re maxime bestiis prestare: quod loqui possint. Quare preclarum mihi quiddam videtur adeptus qui, qua re bestiis homines prestent, ea in re hominibus ipsis antecellat. Siché io mi rallegro teco di tutte queste tue comodità, et prego Idio che te le conservi, accrescha et dìetene lungha consolatione; et te conforto a seguitare nel buono et laudabile proposito. Tu di' non m'avere scripto benché n'avessi et voglia et desiderio solamente perché quando tu consideravi d'avere a scrivere ad me, il quale tu riputi sì docto et sì valente, che tu dubitavi non ti fusse imputato a presumptione lo scrivermi; et etiandio avevi sospecto di non satisfarmi nello scrivermi. Ad che ti rispondo che, ben ch'io cognoscha che questo sia un gentile colore rethorico, nientedimeno quando e' fusse come scrivi tu sai bene che noi siamo amici, et che la buona amicitia, quale io credo che sia la nostra non può essere nisi inter pares. Siché, quantunque per aventura io mi trovassi avere qualche prelatione più di te in genere eruditionis et doctrine, per rispecto nientedimeno della nostra amicita tra noi cape ogni cosa. Et se pur avessi quella opinione di me che tu scrivi che potrebbe essere più tosto per la grande et singulare affectione che tu m'hai portato et porti, che per altro rispecto te ne ringratio et rimàngotene assai obligato. Facis enim amice. Et basti quanto a questa parte. All'altra dove tu mi richiedi che io t'avisi chi fu prima o Moysè o Homero, ti rispondo che, benché et della patria et de' tempi apunto della natività d'Homero si diano varie et diverse opinioni degli scriptori greci et latini, nientedimeno egli è certo supputata temporum ratione, que quidem, ut inquit Hyeronimus, cronica historia continetur che Moysè fu assai prima che Homero, secondo qualunque opinione s'avesse de' tempi della sua natività. Et nota la ragione chiara che si trahe d'Eusebio De temporibus, il quale il trahe del libro del Genesi: Moysè nasce dopo la creatione de mondo anni circa 3600, a cuius quidem nativitate usque ad captivitatem Troie sono circa d'anni 410, perché la captività di Troia fu nel quattromiladieci a creatione mundi; et Homero nella su Yliade scrive de bello Troiano, de obsidione urbis et de eius captivitate,siché convenne che necessariamente e' fusse poi, quando come poeta simile allo historico ché in quel poema egli è mezo historico describit bellica Grecorum et Troianorum gesta. Necessario di sapere è adunche che Moysè fusse innanzi a Homero, et per questa cagione mi pare avere satisfacto alla tua richiesta. Ma, se tu desiderassi quanto tempo la natività di Moysè precedesse quella d'Homero, ti dicho che questo è più difficile, per le varie et diverse opinioni che n'hanno gli scriptori, che forse non sono in minore numero che quegli che scrivono della patria sua, peroché non solo quegli de' quali fa mentione Tullio nella oratione Pro Archia poÃ«ta, ma etiandio septe città contendono della patria d'Homero. Et Tullio non fa mentione se non di quattro his verbis: Homerum Colofonij civem esse dicunt suum, Chij suum vindicant, Salaminij repetunt, Smirnei vero suum esse confirmant; permulti alij preterea pugnant inter se atque contendunt. Et appresso a' Greci si truova la varietà di septe città, come io ho decto. Il Bocchaccio nelle sue Geneologie ne fa expressa mentione, et contale in questi due versiculi, tracti di non so che poeta greco: Samos, Smirne, Chios, Colofon, Pilos, Argos et Athene de Homeri patria, contendunt. Et perché tu possa considerare quale è maggiore o minore varietà degli scriptori o della patria o della natività sua, ti porrò inanzi le parole che scrive Eusebio in libro De temporibus, cuius hec verba sunt: Quodam commemini codicis loco Pyrrus Delphis in templo Apollinis ab Horeste occiditur proditione sacerdotis Macarei, quo tempore quidam Homerum fuisse dicunt. Et poco più giù anni circa di 50 scrive in questa forma: Anno mundi octuagesimo millesimo quarto - che nel 4080 Homerus, secundum quorundam opinionem, his fuisse temporibus vindicatur. Quanta vero de eo apud veteres dissonantia fuerit, manifestum esse poterit ex sequentibus. Quidam eum ante descensum Heraclidarum ponunt, Aristoteles post centesimum annum Troiane captivitatis, Aristarcus Jonica emigratione sive post annos centum, Phiheorus emigrationis Jonice tempore sub Arseippi Atheniensium magistratu et post captam Troiam anni centum octuaginta, Apollodorus Atheniensis post ducentesimumbquadragesimum annum eversionis Ylij. Extiterunt alij qui modico tempore antequam Olimpiades inciperent, quadringentesimo circiter Troiane captivitatis anno, eum fuisse putent, licet Archilocus vigesimatertia Olimpiade et quintum Troiane eversionis annum supputet. Haec Eusebius. Ex quibus palam et aperte Moysem longe Homericae nativitatis tempora precessisse et non minorem forte diversorum opinionis veterum scriptorum varietatem de nativitate quam de patria sua extitisse colligitur. Peroché, se le predette septe città contendono tra lloro della patria d'Homero, similmente troverrai septe varie opinioni della sua natività, come di sopra manifestamente apparisce. Hora io t'ho scripto in fretta et senza troppa consideratione, et però dubito di non t'avere così bene satisfacto come tu disiderresti. Imputalo alle occupationi, quibus undique tanquam molibus et obicibus quibusdam opprimor; sed Deus, ut spero, qui non deserit sperantes in se, adiutor erit in tribulationibus quae varie et omnifariam hinc inde circumferuntur. Et habbi patientia alla lunghezza della lettera, colla quale io ho voluto ristorare la tardità della risposta. Vale et meo nomine meisque verbis plurimas salutes Jacobo, Petro et Donato precipuis et singularibus amicis et necessariis nostris dicito. Iterum vale et me ut soles ama.",1449
http://vespasianodabisticciletters.unibo.it/tomasi-letter-7-maintext,"Dici non potest, Vespasiane suavissime, quantum tua eruditione delecter, quantumque te cupiam fieri sapientem: non adumbrata et seculari sapientia, quae apud Deum rite stultitia appellari solet, sed potius vera illa ac divina, quae accurata quadam sacrarum litterarum cognitione vel maxime continetur, quaeque sola cultores suos et viventes ex homunculis dignissimos viros efficit, et mortuos quoque, vitae probitate condita, ex miseris ac defunctis beatos immortalesque reddit. Quocirca litteras tuas summa propterea alacritate perlegi, quoniam singularem quendam et precipuum divinarum rerum gustum continere ac pre se ferre videbantur. Due enim ambiguitates, quantum nos ex diligenti predictarum litterarum lectione intelligere ac percipere potuimus, de parvulis ante Baptismum defunctis tibi ex responsionibus nostris suboriebantur. Salutiferam nanque Jesu Christi Domini nostri mortem usque adeo pretiosam fuisse existimas, ut parvulos, licet originali duntaxat labe coinquinatos, mundare ac salvare posset, quos neque in Patrem neque in Filium neque etiam in Spiritum Sanctum, iuxta illam celebratam Evangelii sententiam, peccasse constat. Nos igitur tibi, egregio et peculiari amico nostro, ut par est, obsequi ac morem gerere cupientes, predictis interrogationibus tuis breviter respondebimus. Nam latissimus nobis ad pervagandum campus ostenderetur, si hec ipsa paulo latius exornare atque oratorio more uberius explicare vellemus: quod non tam vitandi laboris, quam minuende opinionis causa, quae de scriptorum nostrorum prolixitate ab imperitis, ut mihi videtur, hominibus habetur, de industria vitavimus. Si itaque tibi in tantis et tam magnis rebus, quemadmodum diximus, breviter respondebimus, nec tibi, ut arbitror, nec certe nobis satisfaciemus. Ampla quippe et ardua, nisi forte quedam mercatoria et institoria negotia, concise simul atque eleganter tractari explicarive non possunt. Sed de his alias. Nunc ad interrogationes tuas breviter accedamus. Meritum Passionis Christi in se ipso tantum ac tam magnum fuisse concedimus, quantum dici excogitarive potest. Tantum enim extitisse constat, ut omnes homines ex peccato originali antea damnatos absque ulla hesitatione redimeret, redemptosque salvaret; omnes inquam homines, quicunque vel lege naturali bene probeque vixerant, vel scripta ac veteri per Circumcisionem, vel evangelica ac nova per Baptismum, preceptis sacramentisque suis paruerant, nisi iam parvuli et infantes extitissent, quibus solis ante lationem legis divina et infinita benignitas, et postea Circumcisio, ac denique Baptismum ex precipuis et innumerabilibus Christiane Passionis meritis premiisque ad perpetuam quandam et aeternam eorum salutem sufficere videbatur. Siquidem omnes cuiuscunque aetatis homines in gratia Dei defuncti, quodam loco a caeteris facinorosis perditisque mortalibus separato, usque ad preciosum Domini nostri patibulum servabantur: e quo quidem loco, veluti ex obscuris et tenebrosis carceribus per Dominicam mortem in lucem erutos et extractos, in caelo, certo quodam beatorum spirituum receptaculo, ex sacra Lectione collocatos esse cognovimus. Ceterum post scriptas veterem novamque leges tam salutiferam ac tam preciosam Domini nostri Passionem nemini profuisse credimus, qui nulla veteris ac novae legis Circumcisionis saltem ac Baptismi precepta sacramentave servassent. Sed quoniam parvulos sine Baptismate defunctos prima nove legis sacramenta nequaquam adimplesse intelligimus, eis predictam Christi mortem nullatenus prodesse potuisse concedimus. Atque ad primam interrogationem tuam brevius quam voluissem in hunc modum respondisse sufficiat. Ad secundam vero de evangelica auctoritate ad quandam defunctorum parvulorum excusationem ac defensionem abs te allegata brevissime respondebimus. Proinde id ipsum de peccato actuali, non de originali, intelligendum, ac sic explanandum esse censemus. Etsi infantes ante Baptismum defuncti neque in Patrem neque in Filium neque in Spiritum Sanctum peccaverunt, quod facile concedimus, non tamen exinde consequens esse videtur ut a labe originali immunes evaserint: cuius reatu ut theolog<ic>o verbo utamur quicunque nascuntur infecti ac coinquinati, non immerito damnari creduntur, nisi iam vel divina benignitas, vel Circumcisio, vel Baptismus miserabilem prorsus et infelicem eorum mortem prevenerit, quemadmodum in epistola nostra, quam de his rebus alias ad te scripsimus, latius et uberius explicavimus ac paulo superius commemoravimus. Atque haec habuimus quae interrogationibus tuis breviter responderemus. In quo quidem, si forte tibi penitus non satis fecerimus, quod fore existimamus et credimus, vane imperitorum et ignavorum hominum opinioni attribuas velim, cui interdum cedere et obsequi oportere veteres sapientes tradidere. Et se così è, abbi patientia tanto che con la voce viva io ti possa ristorare, et allora abbondantemente suppliremo a ogni manchamento. Et spero sarà presto, perché il nostro Agnolo Baldesi et io abbiamo diliberato di venirvi a vedere et starci un dì con voi, quando e' fia tornato di Mugello. Et io vi vengho volentieri ogni rispetto, et spetialmente per ritrovarmi un poco con Dietisalvi, il quale ti priegho saluti et conforti per mia parte in quel modo et in quella forma ti pare richieggha le laudabili conditioni della sua persona et la singulare affectione che, come tu sai, gli porto. Vale et me ut facis ama.",1450
http://vespasianodabisticciletters.unibo.it/tomasi-letter-8-maintext,"Honorevole come fratello et caetera. Ne' dì passati ricevetti una tua de dì 2 di questo, la quale mi die' et piacere et consolatione assai, perché chiaramente compresi quanta era l'affectione tua verso di me, scrivendo sì teneramente et con tanta carità quanto fai. Illud enim iamdudum tritum vetustate proverbium mihi inter legendum occurrebat, quo dici et predicari solet quod ex abundantia cordis os loquitur. Ringràtioti di tanta affectione. Né altro per al presente ti posso fare che offererti di risponderti in questa benivolentia colla medesima carità; direi maggiore, se io vi credessi potere aggiugnere, perché io cognosco sarei obligato ad farlo non altrimenti che cholui che prima riceve il beneficio, il quale, secondo la sententia de' philosophi, è obblighato a renderne uno maggiore che quello che ricevette. Sed hec hactenus, presertim inter nos, quorum veram et vetustam amicitiam multis et variis experimentis iam pridem approbatam et confirmatam fuisse constat. Ho inteso et bene gustato tutte le parti della predecta tua, alle quali non acchade di fare altra risposta, se non di tutto lodarne et ringratiarne Idio, et pregharlo ci degni concederci tanto della sua gratia, che noi possiamo conservare questa sancta opera della pace, alla quale io sono molto bene disposto ad farne ogni et qualunche cosa, quello pocho del tempo che io ci ho a stare, che desidero venirne presto, perché ho parecchie faccende d'importanza che continuamente mi tirano. Spero che le cose anderanno bene. De' facti di Ser Giovanni d'Aversa se ne die' commessione agli ambasciadori et fecesene la commessione <che> sai. Et perché io ho veduto una lettera che Francho scrive a Bartolomeo Serragli, dove gli conta più cose (infra l'altro dice che 'l facto suo è in tutto spacciato), però non m'è paruto darmene altra brigha. Rachomandami a messer Agnolo et al compare Dietisalvi, et saluta Piero et Donato per mia parte. Sono a' piaceri tuoi. Christo di male ti guardi.",1451
http://vespasianodabisticciletters.unibo.it/tomasi-letter-9-maintext,"Egregie tanquam frater carissime. Perché dite non havere havuta la lettera del cambio, di che molto mi maraviglio, ve ne mando un'altra qui inclusa di fiorini 18 larghi, come domandate. Siché tollete le Epistole et legatele di nuovo, et fate siano coperte o di nero o di morello, stampate più magnificamente si può, et mandatemi a dire la spesa, che subito vi manderò i denari. Se mai legherete libro bene, fate questo sia quello. Ma sopra tutto vi priegho facciate ch'io l'abbia presto, perché n'ho grandissimo bisogno. Et fate sia dato in mano di Messer Giuliano Coppino. Maravìgliomi che oramai el Donato non sia compiuto. Avisatemi particularmente in che termini sta, sì esso come gli altri due, et per Dio sollecitategli. Vorrei sapere se chostì si troverrebbe chi potesse scrivere et figurare bene quella Geometria et Musica, et che potrebbe montare tutta la spesa. Item se vi si trova Donato sopra Terentio. Item vorrei mi mandaste uno inventario di tutte le Vite di Plutarco <che> si trovano traducte chosti. Non si potendo chostà scrivere la Geometria, se si potesse per vostro mezzo haverla in presto per qualche tempo qua mi sarebbe singularissima gratia. Altro non mi occhorre. Sono apparecchiato a tutti li vostri piaceri. Expecto l'Epistole con desiderio.",1453
http://vespasianodabisticciletters.unibo.it/tomasi-letter-10-maintext,"Egregie tanquam frater, ho ricevuta vostra lettera et inteso quanto scrivete. Al facto dello Homero, vi mando la lettera per parte di Nostro Signore. Presentatela voi medesimo, et ditegli che Nostro Signore vi scrive domandiate el decto libro per farlo scrivere et cetera. Per Dio, se mai mi faceste a piacere, fatemi questo: che lo facciate scrivere in octo dì, come dicete. Et leghatelo in carte, incollate coperte di chuoio, et mandatemelo subito. Ma, come dite, fate che ciaschuno riveggha el suo quinterno, accioché non sia falso. Li denari del rilegharlo siano a mie spese; et fatelo secretamente, i come dite. Parmi una hora mille, per buono rispecto. Increscemi sia stato bisogno le Vite siano di due mane; ma pure, da poi che è facto, isforzatevi almancho ch'io l'abbia presto. I libri de' quali mi scrivete ho tutti, excepto la Politica, la quale se potete avere per 8 ducati mandatela subito a messer Giuliano Coppino, et darogli i danari. Più di 8 ducati non voglio spendere. Dovendola dare per octo, mandatela presto, perché lunedì, cioè a' 28 di questo, io la debbo cominciare a leggere. Se voi potete mandare li Comentarij di Cesare fin qui, l'arei caro, con questo: che, se mi piacessono, li togliessi; non mi piacendo, paghassi, el vetturale et rimandasseseli. El Polibio mio non posso mandare, perché non ho se non uno squadernato, et con quello ne fo scrivere uno pel Signor Malatesta da Cesena, et uno per messer Piero da Noceto. Se vi paresse di scrivere a messer Giuliano Coppino che ve ne facesse scrivere qui uno di lettera corrente, io gli presterei l'exemplo. Io per molte occupationi non li posso attendere. Christo vi guardi.",1454
http://vespasianodabisticciletters.unibo.it/tomasi-letter-11-maintext,"Alla tua de dì 15 di questo acchade brieve risposta. Et alla parte che di' esser passato uno mese che tu non hai avuto mie lettere, mi maraviglio assai, perché te n'ho scripte parecchie: d'una so che è suto facto cattivo servigio. Ti mandai sotto quella d'Agnolo, ti mandai per uno chavallaro degli ambasciadori che ha nome il Ciechiajo. Et benché, quando gli ambasciadori c'erano, mettessi tempo assai nel far loro continuamente compagnia, non è però che lla sera non me n'avanzasse tanto ch'io potevo sopplire alle lettere degli amici. Et pur quando e' mi manchasse, non resterebbe ch'io non facessi sempre risposta alle tue, perché invero non solo che non mi rincrescha lo scriverti, ma io ne piglio singulare piacere et conforto. Et accepto l'offerta mi fai de' libri chiestiti della Bibbia et De Vita Patrum. Fallo, che te ne priegho, et faràmene piacere assai. Ma el non far mentione dell'Avicenna non mi pare buon segno in medicina. Ingegnati ch'io l'abbia in ogni modo, che n'ho nicistà. Et chosì se t'achadesse un Paolo Orosio et la Geometria di Euclide. Et io provederò che tu harai le Vite Mie che sono 5 in uno volume, il quale pochi dì fa riebbi da Monsignore di Fermo. Se di costà non le potrai havere, che ne scriverrò a Agnolo, et alla risposta di questa te le manderò, se da Agnolo non l'arai. Et perché infra l'altre lettere ch'io t'ho scripto, che tu di' non havere avute, ve n'era una che conteneva due parti, te le riplicherò per questa. La prima, del mezo ducato de' cartolai: et conchiudevo che gli era da mettere a uscita, per la risposta m'avea facto Francesco, l'effecto della quale era che di molti libri che t'avevano venduti et non haveva mai guadagnato nulla teco; et che a due bolognini per ducato, come si dà qua, resterebbono havere da te di grosso. Dissigli mio parere, et poco giovò. Ma lo n'ho di poi parlato con Giovanni et con lui insieme, et mostro loro che ti fanno torto et fanno contra loro. Credo ritrarne anchora un mezo ducato, in caso che ne rischuotino uno che dicono che restano avere. Userocci diligenza et aviserottene. Et perché io ti scripsi per Tomaso che da cotesti miei haresti i ducati 5 et mezo del libro non ho paghato, e tre a messer Dieciaiuti, come scrivesti, credendo che gli avessi nelle mani, vuolsi provedere che gli riabbia. L'altra: che l'amico parente del compare nostro non farebbe nulla, benché l'opinione comune fusse in contrario, perché chosì haveva scripto dopo la tracta sua al predecto compare, et il compare n'aveva conferito meco. Siché datti di ciò buona voglia, che vedrai con effecto seguire quanto ti dissi et dico. A' piaceri tuoi. Che Christo di mal ti guardi. Non dimenticare i libri et l'Avicenna, et rispondimene qualche cosa. Et se me ne puoi mandare niuno per Tomaso, che partirà di chostà a pochi dì di dicembre, fallo, che gli attendo con disiderio.",1454
http://vespasianodabisticciletters.unibo.it/tomasi-letter-12-maintext,"Il primo et solo de' nostri ch'io avisassi come io m'ero achoncio colla Maestà del Re fusti tu, col quale io ho volentieri comunicato tutte le mie faccende di maggiore importanza; et chosì è mia intentione di perseverare per l'avenire, benché io sia absente, per la fede et charità che io ho sempre trovata in te. Et però mi dispiace che della lettera non fusse facto quel servigio che io desideravo. Pure, poi che tu l'hai avuta, ne sono contento. Io attendo m'abbi serbato i libri di che ti richiesi, et chosì disidero che tu satisfacci ad una voglia che m'è venuta: d'avere e testi buoni colle chiose di ragione civile et canonica. Et però t'aviso che io gli vorrei buoni et colle chiose. Ma vorrei averne a piacere, et ho caro l'aviso mi dài d'averne de' buoni nell'una facultà et nell'altra, et spetialmente di Messer Valasco. Et pertanto circa a questa parte conchiudo che tu t'ingegni ch'io gli abbi per pregio ragionevole et con qualche piacere, di che ti resterò singularmente oblighato. Et anchora vorrei che tu mi trovassi un buono scriptore. Fallo, che te ne priego. Io ebbi molto caro che Piero pigliassi sicurtà in me nel dare commissione che si comperassino que' due volumi et di Celso et dell'Epistole ad Atticum, et secondo mi paresse si paghasse il prezo, perché disidero compiacergli in qualunche cosa possibile. Et però incontanente che Giovanni Tornabuoni mi fece l'ambasciata per sua parte, andamo alla bottega di Giovanni et di Francesco cartolai, et trovamo che non haveva l'Epistole, ma sì el Cornelio, et era a vedere da chi ne dava ducati 18. Facemo si riebbe. Et non ne volendo meno che ducati 22, me n'achozai con Matteo Baroncegli che n'ha la cura di vendergli, et ridussilo a ducati 20 di camera, et così s'è comperato. Et benché paia un poco caro, nientedimeno il volume e di qualità che gli è bello et buono et vagli. Et tanto cerchamo et tanto investigamo dell'Epistole, che noi le trovamo nelle mani d'Ambruogio Spannochia, che l'ha <a> pegno dall'Arcivescovo di Spalatro nipote che fu del Vicecancelliere; et non si possono vendere sanza sua licentia. Et benché di tutto et Giovanni et io n'avisiamo Piero, nientedimeno mi pare utile che tu gli riferisca quanto in questo capitolo si contiene. A' piaceri tuoi. Che Christo di mal ti guardi.",1456
http://vespasianodabisticciletters.unibo.it/tomasi-letter-13-maintext,"Avendo ne' giorni passati facto risposta a una tua, non m'acchadeva per al presente averti a scrivere, se non fusse achaduto nuovamente uno accidente horribile, del quale io intendo per questa sua brevità darti notitia. Sabato a dì 4 di questo, a hora circa 11 di notte, a tempo tranquillo sanza altro segno precedente, sopravenne uno spaventevole tremuoto, il quale fu di tal natura ch'egli isbalordì ogni huomo, et procedette con danno assai et qui nella terra et di fuori per tutto, in spatio di circuito di circa miglia 70, et durò per spatio di due Misereri da frati. Il damno che egli ha facto qui è universale, che non è chiesa né edificio secolare che non sia stato grandemente offeso, peroché più chiese sono sute frachassate, alchune rovinate, le mura pelate. Quelle che n'hanno ricevuto minore danno si truovano co' tecti disfacti et co' champanili in terra. De' palazi grandi ti dico il simile. Il castello di Santeremo, che è allato alla chiesa di Certosa et soprastava alla terra, è rovinato; il monistero predecto <ha> ricevuto danno assai, et in varii luoghi della terra ci si truova morti circa persone cento. I luoghi flagellati sono molti fuori della città. Et lasciando i casali et le ville, ti dirò solo delle castella et delle terre. La terra Nola, Sant'Aghata, La Palude, La Cava, Sansoverino, Salerna, Benevento, Troia, Aversa, Capua, Arriano infino a Sessa, Gaeta: tutti i luoghi che ha trovati in queste circunstanze ha percosso variamente, et facto varij danni secondo la deboleza et sito de' luoghi, peroché a parte delle terre predecte ha frachassate le mura, a parte rovinato delle case et a parte sprofondatole con grande occisione di molte persone. Condussesi questo impeto infino a Foggia, che è una città in Puglia, dove si trovava la Maestà del Re et la maggior parte della corte in numero di cavagli più che 2000, ma non vi fe' danno. Ãˆ rimasa la brighata tutta sbalordita tra pel fragello ricevuto et per sospecto non vengha degli altri; ma, per gratia di Dio, non n'è poi venuti più che due altri sì piccholi, che niente di danno hanno facto. Attenderencisi per rimedio non del fragello passato, che è Stato danno inestimibile et inremediabile, ma per sospecto del future ad albergare alla campagna, et andare di dì et di nocte a processione universale. Noi, per gratia di Dio, siamo tutti salvi; ma siamo rimasi sbalorditi, non altrimenti che tordi che abbino avuto della ramata nel beccho. Ingegnerenci di far bene, et volgerenci a Dio con l'orationi, et con divotione ci racchomandercino a Colui in cuius manu sunt sortes nostre et presentes et future. A' piacer tuoi. Che Christo di mal ti guardi.",1456
http://vespasianodabisticciletters.unibo.it/tomasi-letter-14-maintext,"Poiché ne' giorni passati ti scripsi del gran fragello d'uno spaventevole et inusitato tremuoto, che sabato a dì 4 di questo, di nocte, in su 11 hore, apparì in gran parte di questo paese, con tanti danni di rovine di case, di palagi, di chiese, di sobissamento di terre, di castella et di città, et con grandissima occisione d'huomini, ricevetti la tua con la 'nformatione de' gesti del nostro messer Giannozo Pandolfini. Et inteso la voglia tua et la richiesta mi fai dello scrivere oratione funebre, ti lodo et commendo della singulare affectione portasti a' costumi et alle virtù sue. Et perch'io mi trovo in simil grado d'affectione, sono contento pigliarne la faticha dello scrivere, sì per sodisfare al debito della affectione gli portavo, sì anchora per compiacerne a te, considerando la maniera della richiesta me ne fai. Et però ho avuta chara la informatione mandatami. Ma perché sono cose da scriverle con qualche dignità, altrimenti farebbono il contrario effecto al disegno se ne fa, vorrei m'avisassi di due cose intra l'altre: la prima, del tempo che nacque; et la seconda, del nome della donna sua; et chosì anchora se ti paresse avere lasciato indrieto cosa alchuna degna di memoria. Et incontamente ch'io n'arò la 'nformatione, in forma tale te la manderò scripta, ch'io credo mostrare a te et a qualunche altro la singularità dell'affectione gli portavo, come per experienza vedrai. A' piacer tuoi. Che Christo di mal ti guardi.",1456
http://vespasianodabisticciletters.unibo.it/tomasi-letter-15-maintext,"Honorevole come fratello et cetera. Quanto più considero le laudabili conditioni della mia charissima donna, tanto più mi duole averla perduta; et quanto maggiore affectione le portavo, tanto più cocente m'è la doglia della perdita; et quanto maggior danno ne riceve la mia famiglia, tanto più mi tormenta il cognoscere d'averla perduta. Et nientedimeno, perché questi casi sono naturali et non hanno altro rimedio che il sopportargli con patientia, m'ingegnerò di recarmi sotto questo giogho. Benché molto difficil sia chosì ne' principij, pure mi sforzerò di farlo, perché cognoscho che gli è gran vantaggio da farlo per tempo ad indugiarsi. Et una cosa è quella che, oltra l'altre, grandemente mi conforta: et questa è l'esser morta con optimo conoscimento et con virile animo infino al passare: che è gratia in que' casi da riconoscerla solo da Dio. Et il pigliarne presto partito farò, sì perché altro rimedio non c'è, sì etiandio per confortare per lo exemplo mio la brighata rimasa, et anchora invitato da' dolci et amichevoli conforti che per la tua de dì 21 mi dai, de' quali quanto più posso ti ringratio. Et prieghoti che attenda un poco a confortare Agnolo, quando lo vedi. Et racchomandoti strettamente il mio Giovannino. Et a Pandolfo mi scuserai del non fare risposta alla sua, perché mi truovo in brighe et in occhupationi assai. Che attenda come gli pare alla emendatione di quella oratione funebre in quelle parti dove gli pare che n'abbi bisogno, ché alla sua discretione la rimetto. A' piacer tuoi. Che Christo di male ti guardi.",1457
http://vespasianodabisticciletters.unibo.it/tomasi-letter-17-maintext,"Egli sono più dì ch'io avevo finita la prima Decha e solo mi restava a choprilla. Avevo fatti tigniere cierti chordovani e non mi erano riusciti a mio modo; e per questa cagione avevo detto a Gentile faciessi venire una di quelle erano a Chafagiuolo. Avevami detto fallo; siché bisognia, se vvoi volete si finischa, facciate abbi detta pelle, che ggià l'arei finita, avendola aùta. Il Prinio attendo ognindì ser Benedetto me lo mandi. Questo è qui, è quasi miniato e del chontinovo si fa. Credo sarà finito della settimana che viene, e subito <che> l'arò, lo finirò di tutto quello ho a ffare. Le Vite il simile si seguitano chon grandissima dificultà che cc'è <a> avere questi benedetti exenpri; niente di mancho ne fo ogni chosa che non si abbia a stare, e che questo libro abbi expeditione. Aspettone da Ferara tre da Guerino che mmi manchavano, che mmi dicie avelle fatte scrivere, e che lle rischontra, e subito <che> saranno finite le manderà. Alamanno attende a traducere quella d'Agis e Cleomenes, ed hanne fatto parte; dicie in su il principio fu dificile, ora è facilissima, e che ll'arà fatta il più presto fia possibile. Se niente altro ho a ffare vi piaccia, avvisatemene e farollo di buona voglia. Ad voi mi rachomando.",1458
http://vespasianodabisticciletters.unibo.it/tomasi-letter-18-maintext,"Il Prinio è finito di miniare, e di tucto hallo miniato molto bene e richamente in modo tale <che> pare ora uno magnificho libro chom'egli è. Attendo ora io a dargli expeditione, a questo e alla terza Decha, e farò si finischano il più presto fia possibile; ma non voglio pechare, in quatro o cinque dì, che gli stiano bene. Ho facto il chonto chon questo ha miniato il Prinio e ho facto chon quello rispiarmo è istato possibile, più che se avessi aùto a ffare per me propio. Fategli dire i danari di quello ha fatto: hogli fatta una scritta di mia mano di tutto quello siamo rimasti d'achordo. Miniò, già circha un anno, uno Istatio Tebaidos, di che ne resta a essere paghato, che gliene fo richordo in sulla detta scritta di quello rimanemo d'achordo. Meser Piero seguita l'agiunta della quarta Decha del chontinovo e Meser Marcho le Vite; e di poi saremo alla fine di tutti i libri, per la gratia di Dio. Ad voi mi rachomando.",1458
http://vespasianodabisticciletters.unibo.it/tomasi-letter-19-maintext,"Il Prinio e lla Decha sono di tutto finiti in buona forma, in modo credo vi piaceranno sommamente. Aregli arechati chostassù ma alla porta non mi arebbono lasciato venire. Mandate uno chon qualche panno da involgergli, che non si guastino. Meser Piero Strozi ha finite l'abreviationi e holle dato a Pipo <che> le minÃ®, e subito si legaranno. Ad voi mi rachomando.",1458
http://vespasianodabisticciletters.unibo.it/tomasi-letter-20-maintext,"Pauci sunt dies elapsi, quod ego dedi litteras Dominationi Vestre et illis significavi qualiter consignaveram Gerozo de Pillis quatuor volumina Commentariorum Sancti Jheronimi et in Novum et in Vetus Testamentum: que quidem maxima cum difficultate ut transcriberentur procuravi. Putabam ultra verum pretium consequi debere a Dominatione Vestra pro meo labore aliquid mercedis et dono; verum hoc non solum consecutus sum, attamen de vero pretio et capitali michi deest; et de hac re non ut debeo, sed ut possum sum contentus. Feceram principiare Comentum Jheronimi super Isaiam et nunc est expletum. Si Dominatio Vestra illud vult quemadmodum in nota mihi tradita propria manu Dominationi Vestre scripta continetur - certiorari expecto. In illa enim nota continetur quod, preter Commentum super Ezechiele quod Dominatio Vestra dixit apud se habere, ego facerem alios super Scriptura Sancta inclusive super Veteri et Novo Testamento. Restant preterea in manibus meis Jheronimus super Isaiam prefatus et super Matteo et Marcho; et de istis duobus pretium mihi adhuc solvi debet: de quibus oro Dominationem Vestram ut faciatis mihi fieri debitum, ad hoc ut possim de Dominatione Vestra bene mereri et eiusdem laudes referre, quemadmodum usque ad hec tempora contigit. Et si Dominatio Vestra vult residuum super Sancta Scriptura, paratus sum providere quod Dominatio Vestra habeat id quod nullus in Italia alter unquam habuit nec habet. In super rogo Dominationem Vestram quod provideat pro illo Eusebio Panfilo De preparatione Evangelica: nam, si illud vultis, habeo optimum et quam primum transmittam. Ego me Dominationi Vestre plurimum recommitto.",1460
http://vespasianodabisticciletters.unibo.it/tomasi-letter-21-maintext,"Suscepi, una cum litteris tuis, Philippicas Ciceronis et De primo Bello Punico <et> Historiam Leonardi. Caroli nunc Vitam expecto et Emilium Probum aliosque itidem libros quos superioribus litteris nominavi. Cupio enim hoc meo semestri imperio non solum recte, ut debeo et ut plerique solent, magistratum gerere, sed etiam quod multi vellent, pauci possunt aliquid laude et <me>moria dignum conficere. Sed vereor ne occupationes curie et multa que in dies eveniunt inimica ocio et a litteris aliena, huic mee voluntati adversentur. Enitar tamen id parum temporis, quod mihi a negocijs et ab his molestijs supererit, ad scribendum precipue legendum conferre. Tu vero ne mihi instrumenta desint, pro tua in me benivolentia operam dabis, ut ceteri libri quibus indigeo ad nos quam primum deferantur. Vale.",1462
http://vespasianodabisticciletters.unibo.it/tomasi-letter-22-maintext,"Vespasiane carissime et cetera. Io ho la tua de dì 14 di Maggio et sonmi gratissime le nuove mi scrivi. Io di qua non ho che advisarti di nuovo, se non che ne' dì passati si fece uno degno acto et solemne. Nostro Signore mandò per tutti e Cardinali et per tutti gli ambasciadori et per molti vescovi et prelati et per gli auditori di Ruota; et facto sedere ogni huomo a' luoghi sua, e' venne parato in pontificale. Di poi fece chiamare gli ambasciadori Aquilani, ai quali, inginochiatisi nel mezzo di quella congregatione, disse che stessono a udire alchune cose che sarebbono lecte loro, et di poi lui direbbe la sua intentione. Lèssesi uno processo et sententia, nella quale principalmente si conteneva e capitoli facti della triegua, et apresso e capitoli ch'eglino avevano del bestiame loro colla doghana di qui. Di poi si mostrò che per molte cose, le quali havevano facte dal tempo si fece la triegua in qua, et di poi ebbono la sicurtà et capitoli della doghana, che avevano rocti decti capitoli per riceptare il Conte Joanni per dare favore a' nemici della Chiesa; per le quali cose erano rebelli et perduta ogni sicurtà. Et fece mettere in su decto processo le ragioni che loro potrebbono alleghare in contrario et dubij si potevano muovere, et tutti li mandò per terra, et solvè qualunche cosa si potesse opporre. Di poi fece leggere la sententia degli auditori di Ruota, i quali, examinato tutte queste cose, havevano giudicato essere perduto il bestiame loro, et appartenersi et doversi confiscare alla Camera Apostolica. Et domandò gli auditori di Ruota, e quali erano presenti, se s'accordavano a questo giudicio, et tutti affermorono di sì. Facto questo, Nostro Signore parlò et disse: Â«Voi havete inteso la sententia che con diligente examina hanno data gli auditori di Ruota; et il giudicio loro non è giudicio volgare, ma è quello che giudica universalmente tutti e Christiani. Et secondo la giustitia, il bestiame come vedete è della Camera Apostolica. Et sono molte ragioni m'exortano che lo debba seguitare questa via della giustitia, et dall'altra parte ce n'è molte mi flectono alla misericordia. Quelle mi muovono, mi exortano, m'incitano alla giustitia sono queste: la superbia et ignorantia vostra, che non vi ricordate che voi siete subditi di Sancta Chiesa, licet mediate, et dovete obedire a quella et a' Principi ch'ella vi prepone. Et voi havete facto l'opposito a questo, che vi siete levati contro a quello che intendete ch'è il volere di Sancta Chiesa, et ribellatovi da quello ch'ella ha coronato Re, contro il quale siete proceduti con dare continuamente vettovaglie et ricepto a' nimici sua et colle facultà vostre et etiandio col proprio sangue. Muoveci anchora la vostra ingratitudine a dovere seguitare questa sententia et giustitia, peroché voi non vi ricordate di molti grandi et excellenti benefici ricevuti da Sancta Chiesa, et molti se ne potrebbono riducere a memoria. Ma basti solo ricordarvi questo: che l'aiuto et favore di Santa Chiesa vi liberò dalla obsidione della fame et dalla servitù del crudelissimo et superbissimo capitano di Braccio; et non fu Casa di Colonna quella vi liberò, ma fu Sancta Chiesa: come se al presente vi liberassimo noi, non sarebbe la Casa de' Piccoluomini, ma sarebbe Sancta Chiesa. E' vi si può etiandio arricordare perché già veggiamo l'avete messo in oblivione che fumo contenti l'anno preterito levar via l'exercito nostro et rimettervi ogni errore commesso. Et pertanto questa vostra ingratitudine et ignorantia, come ho decto, ci muove a ffare giustitia. Dall'altra parte <siamo> indocti alla misericordia, havuto rispecto principalmente a questo Solio, et apresso a quello sia conveniente del Pontificato, et volendo oltr'a questo imitare la consuetudine de' mia predecessori. Et pertanto, considerando più quello che è conveniente di noi, che quello che meriterebbono gli errori vostri et quelli havete ficto pel passato, et i proximi che animosamente havete facto inverso di Sermona; et havuto rispecto a quello vostro popolo, el quale sappiamo che non volontariamente trascorre in questo errore, perché di loro natura e popoli sono buoni, ma sono sforzati da li scandalosi et turbatori di pace et di quiete; mossi adunque da queste cagioni, siamo contenti usare la clementia et misericordia Verso il popolo vostro, et rimettervi, donarvi et liberarvi il bestiame vostro, sperando che per l'avenire qualche volta seguiterete il vero lume. Et quando pure volessi perseverare nella iniquità et pertinacia vostra, coll'aiuto dell'Altissimo Idio aspecterete la punitione et correptione di Sancta ChiesaÂ». A queste parole rispuosono gli ambasciadori Aquilani sotto brevità, ringratiando la Sanctità Sua. Fu acto degno, respecto alla presentia et celebrità di molti prelati et signori et apparato pontificale, et rispecto alla oratione di Nostro Signore che fu molto elegante. Di qua non ho d'avisarti altro. Circa alla faccenda mi scrive Pandolfo, li risponderò per una mia domane a pieno. Il Re doveva uscire in su' campi di questa septimana et andare nel contado di Sexa. Io studio con diligentia quello ho a ffare, ma questa si chiama Corte et è lungha, et cominciaci a esser caldo et assai polvere. Il Papa va domane a Albano a stare col Camarlingho, il quale ha messo a ordine in modo sarebbe abastanza a uno di quelli imperadori antichi, et facto camere et stanze di frasche et di fiori. Et dell'argenteria et altri apparati non ti dico nulla! Stimo andarvi una sera, et tornerommi in Tusculano al luogo di Niceno. Et né altro. De' facti d'Alberto scriptore mai mi rispondesti nulla, né tu né ser Griso.",1463
http://vespasianodabisticciletters.unibo.it/tomasi-letter-23-maintext,"Optime Vir et amice carissime, scripsiti ne' giorni passati, et al presente quanto ti possa dire delle cose di qua è questo. Trovasi qui in campo col Re il Conte Orso, il nipote del Papa Giovanni Bonconte, et infra due dì ci s'attende il Signor Roberto et il Conte di Fondi. Hieri levammo campo et venimmo qui ad Arnone, et domani passeremo Vulturno et saremo nel terreno del Principe di Rossano. Il Signore Alexandro die' il guasto a Nocera et cosi ci pensiamo oggi l'abbi dato a Sansovieri, optima cosa per noi, et il Duca Primogenito se n'è ito in Calavria. Non altro. Alla giornata arai mie lettere. Raccomanderà<i>mi a Piero se è tornato da Roma; et così a Donato, il quale intendo essere de' nostri Magnifici. Anchora ti priegho mi raccomandi a messer Giovanni Argiropolo et a tutta l'Accademia. Vespasiano mio, non credessi che alchuno tuo facto potessi mettere in oblivione, imperoché non è mia natura et con teco arei il torto. Ma sappi che di questi trentasei giorni che sono di qua, vix ne sono stato uno non habbi mutato luogho. Ma tanto habbi per certo che tutto quello desideri et anchora più harà presto ricapito et con honor di te, in modo che non cederai alla ostentatione d'alchuno angioino, et conoscerai l'amore et la diligentia mia in verso di te.",1463
http://vespasianodabisticciletters.unibo.it/tomasi-letter-24-maintext,"Frater et amice carissime et cetera. A dì 15 del presente rispuosi brieve alla lettera tua, che per allora non havevo tempo a risponderti con più parole. Al presente t'aviso come alla havuta di questa penso harai ricevuto il tuo privilegio per le mani di Baccio di Piero Pecori <che> sta con gli Uguccioni; il quale, se pure fussi perduto, che mi dispiacerebbe tamen saremo presti ad farlo rifare. Et così n'attendo tuo aviso. Et se in prima ch'io sia di chostà t'occorre alla mente ad volere altro di qua, advisamene, et io darò opera che al tuo scrivere si darà executione; che invero, Vespasiano, ponendo da parte Piero et Donato et i miei Zij materni et alchuno altro con chi io mi sono allevato, non è huomo per chi tanto volentieri facessi ogni cosa quanto per te. Per dirti delle cose di qua, il Duca Johanni si truova col Principe di Rosano in Sessa con pocha gente et quelle mal contente, imperoché insino a hora a' soldati non danno danari et i popoli non possono portare tal soma: la qual cosa un giorno mi dà da sperare alchuna cosa di buono. Ha la Maestà del Re haùto queste dua torri che sono in sul Garigliano, forte et quasi inexpugnabili. Ma pensa il Re havere più che quaranta buone squadre et assai fantaria, et portare seco dua bombarde grosse et altre artigliarie, che abbatterebbono ogni luogho, per forte che fusse. Et per questo ad ogni luogho dove s'andrà spero ne harete ad intendere il medesimo. Il Duca Johanni tiene confortato il Principe che Giovan Cossa d'hora in hora debba venire colla armata et portare le migliara delle migliara; ma dubito non vengha tardi, né so vedere che fructo ci faccia la armata, presi questi luoghi che erano e porti loro. Non altro per al presente. Sono a' piaceri tuoi. Raccomandami a Piero et a Donato et alla brighata di casa, et a messer Giovanni Argiropolo et a tutta l'Accademia.",1463
http://vespasianodabisticciletters.unibo.it/tomasi-letter-25-maintext,"Quidam familiaris Reverendi Patris ac Praesulis Ispalensis reddidit mihi nuper elegantissimas litteras tuas, ex quibus non mediocrem cepi animo voluptatem. Renovarunt enim memoriam amicitie nostre, qua vivente Nicolao pontifice ita inter nos devincti coniunctique fuimus, ut mihi persuasum sit nullum esse intervallum aut temporis aut loci, quod huic mutue benivolentie possit obesse. Distantia enim locorum, ut Aristoteles inquit, usum amicitie tollit, amicitiam non tollit. Tu de te scis, ego de me ipso profitebor. Eae sunt virtutes tue, ea humanitas, ea in me merita, ut dum vivam immemor tui esse non possim. Sed si fuit unquam tempus ullum, in quo hec nostra civitas te aut quemquam alium delectaverit, nunc proculdubio talis esse apparet ut Florentiam illam, que tibi ea tempestate qua scribis tantopere probabatur, nunc in omni genere artium sine controversia superet. Primum litterarum studia numquam magis in hac urbe viguerunt, multique hic adolescentes multique iuvenes reperiuntur eruditi litteris grecis atque latinis, plerique etiam ita Aristotelicis Platonicisque disciplinis instructi, ut in Academia educati videantur. Venit enim in hanc urbem Argyropylus Bizantius statim post obitum Nicolai pontificis, vir prestans ingenio et doctrina et vetere illa Grecia dignus, qui multos annos iuventutem Florentinam non modo litteris grecis, sed etiam his artibus erudivit que ad bene beateque vivendum pertinere videntur. Itaque philosophiam tum de vita et moribus, tum etiam de natura, summa cum elegantia antiquorum more et docet et docuit. Plures Aristotelis libros latinos fecit. Platonis opiniones atque arcanam illam et reconditam disciplinam diligenter aperuit, non sine magna audientium admiratione. Itaque nonnulli iuvenes, antea litteris latinis egregie eruditi, cum nunc ad scribendi rationem litteras grecas et philosophicas addiderint disciplinas, eo evaserunt ut opera nonnulla ediderint, elegantissima illa quidem et omnium cognitione dignissima. Preterea hec nostra urbs novis edificiis pulcrior in dies ornatiorque efficitur. Incredibile dictu est quanto studio cives ad construendas egregias domos et publica erigenda edificia mentes converterint. Cosmus ipse clarissimus vir nunc privatas domos, nunc sacras edes, nunc monasteria tum in urbe tum extra urbem tot tantisque sumptibus condit, ut antiquorum vel Imperatorum vel Regum magnificentiam equare videantur. Bibliothecam insuper egregiam struit, libros undique colligit. Iam ego librariorum magnum numerum habeo, qui mercede ab eo accepta libros et gentiles et sacros scribunt. Greci quoque libri undique conquiruntur, quos ille magnificus vir summa diligentia comparat, non solum ut sibi glorie, urbi ornamento sint, sed etiam ut doctorum hominum industriam iuvent. Sic igitur magis quam umquam antea Florentia floret, non modo litterarum studio et nobilissimarum artium disciplinis, sed etiam pictura, sculptura aliisque permultis que nunc omitto, ne in singulis recensendis nimium nobis ipsis blandiri videamur. Sed ut ad rem nostram redeam, familiaris ille Presulis Hispalensis cum hinc decedens Romam proficisceretur, notulam librorum mihi reliquit quos ille Reverendus Pater habere cupit. Ego vero, avidus obsequendi Dominationi Sue, post discessum illius tot iam comparavi, ut iam maiorem partem eorum pro suo arbitratu habere possit; curavique deinde ut ceteri quoque in suo reditu adsint eumque de omnibus rebus certiorem reddidi. Cum vero Reverenda Dominatio Sua ad parandam hanc egregiam librorum supellectilem mentem converterit, et magnis laudibus optimam eius voluntatem efferendam censeo, et tibi etiam gratulandum puto, quod Dominum habeas studijs et litteris et nobilissimis disciplinis tam vehementer affectum. De re autem clarissimi viri Nugnij Guthman eam curam cogitationemque suscepi, quam sue virtutes et sua in me merita postulant; et quamquam difficillimum sit Macrobium illum De Saturnalibus ob sui materiam in Tuscam linguam transferre, curabo tamen iamque operam dedi ut satis suo desiderio fiat. Nec (ut eum certiorem reddo) de hac re alias litteras suscepi: cepissem enim multo antea huic rei operam dare, si prius eius desiderium cognovissem. Nihil enim mihi antiquius esse nec quicquam gratius videri potest, quam morem gerere voluntati sue, cui ego tantum debeo pro suis singularibus virtutibus et summis in me officijs, ut humanitas eius cum grata recordatione ante oculos meos semper versetur.",1463
http://vespasianodabisticciletters.unibo.it/tomasi-letter-26-maintext,"Sarei venuto chostì, se non mi fussi suto decto non vi contentate bene vi si venga, per rispecto del morbo. L'Etica vostra <è> finita di tutto: volendo ve la mandi, ve la manderò. <Manc>hami alchuni exempli per finire e libri della <Badia di Fiesole>; e sono suto a San Marcho, e dicono non gli possono prestare sanza vostra licenza, sotto pena di scomunicatione. Piacciavi far fare una poliza al Priore, me li presti tanto si possino finire. E libri sono choiminciati: piacciavi falla fare e darla all'apportatore della presente, accìoché questi scrittori non perdin tempo. Rachomandomi ad voi quanto più posso. Vespasiano di Filippo",1463-1467
http://vespasianodabisticciletters.unibo.it/tomasi-letter-27-maintext,"N'è stato gratissimo havere inteso quelle per le vostre de 8 del presente ne havite scripto; però, non adcadendoli altra resposta, non ne allongarimo altramente in scriverve. Solum per le presente ve rengratiamo et confortàmove ad tenerne avisati cum la usata vostra diligentia de le cose <che> a la jurnate succedeno de là.",1467
http://vespasianodabisticciletters.unibo.it/tomasi-letter-28-maintext,"Nobilis vir devote nobis dilecte, per una vostra lettera de li de decembre havemo inteso con quanta affectione ce advisate de multe et diverse novelle che ad nui stato multo caro saperle. Quanto a la parte che scrivite se doveria fare grande sforzo questo anno contra quilli che sono stati perturbaturi de la quiete de Italia con intencione de dareli lege, ve respondemo che speramo in nostro Signore Dio et in la prudencla usaranno li stati colligati che quello li adversarli voleano fare ad altri, pateranno loro, et se Peniteranno de li legieri movimenti loro. Havemo lecto le lettere che scrivite al nostro Segretario de lo grande honore hanno facto questi magnifici citadini al Illustrissimo Duca de Calabria nostro figlo: del che singulare piacere havemo riciputo. Similiter ne hanno piaciuti li havisi ne fate de li progressi de Hungaria a che modo sono passati. Et non mino ce piace per comune bene de la liga quello dicite havere Nicodemo reportato da Milano. De tucto ve rengraciamo.",1467
http://vespasianodabisticciletters.unibo.it/tomasi-letter-29-maintext,"Havemo inteso quello ne scrivite per una vostra de li 10 de lo presente, responsiva ad un'altra nostra delli 22 del mese proximo passato. Et como per quella ve scripsemo, cossi per questa ve affirmamo che, excquendose per li nostri collegati dalla banda loro quello havemo in animo exequire noi circa li provedimenti da farese, la cosa facilmente veneria ad quello che scrivete: che la parte contraria forsi domandarla et haveria caro essere intesa, pur como se sia. Havemo speranza che ciaschuno intenderà ad quello sia utile et honore delli comuni stati della nostra lega; et noi, dalla banda nostra, non cessarimo operare et fare effectualmente tucto quello ne sarrà possibile et che cognosceremo essere utile et necessario. Quanto alla parte dello Illustrissimo nostro Primogenito, havemo gran piacere habia satisfacto alli animi de quisti excelsi Signori et homini de questa cità, et molto li restamo obligati dello honore che per quelli lì hè stato facto allo prefato Duca.",1468
http://vespasianodabisticciletters.unibo.it/tomasi-letter-30-maintext,"Adì 9 scripsi alla vostra illustrissima Signoria d'uno degno facto d'arme facto in Valachia: aretela <ha>vuta. Di nuove qui sono poche chose degne. Aspectasi la speditione di questa pace da Roma, che chome havete inteso l'ha prolunghata infino adì 15, e il simile farà per torre tempo alla lega e avere meso a pratichare di nuovo cho' Cardinali. Pare abbi pocha voglia abbi conclusione, e se potrà etiam none farà nulla. Solo resta a che via vanno i vinitiani: che se hanno retifichato, chome ce ne sono lettere da Roma, non è molto buono segnio, perché di principio quando il Papa lo publichò, i principali di Vinegia ne feciono infra loro grande allegreza; di poi, chom'eglino vidono la lega non retifichare, cominciorono in publicho a biasimare e dire che il Papa haveva facto male a publicharla in questa forma. Sendosi mossi hora a retificare, sarebbe l'opposito a quello hanno detto, e non pare molto buono segnio di volere la pacie. Dubito che i manchamenti d'altri non gli faccino più gagliardi che di loro natura non sarebbono, e voglia Iddio che l'abbi buono fine. Se ogniuno havessi facto quello ha facto la Maestà del Re vostro padre, di far <e> <l>ui provedimenti sanza andare mendichando la pacie, e chi ha aspectato gli sia domandata per aventura l'arebbe domandato lui. Alla lega le chose sono qui e possonsi più tosto riprendere che emendare, e presto si vedrà che fine arà. I merchatanti venghono da Lione dichono l'acchordo di Philippo Monsigniore none havere efecto e che per tutto si dice lui esser d'achordo chol Ducha di Borghognia: che se fussi vera none molto buona novella, ed è per aventura di quelle chose fa istare fermi i Vinitiani e pigliare animo più none arebbono. Se l'achordo del Turcho fussi seguitato che non è né il simile arà luogho, sarebbono montati in luogho non si potrebbe con loro. Quando sentirò chosa alchuna degnia, credendo fare chosa sia grata alla illustrissima vostra Signoria, <lo farò> d'una bonissima voglia. Se il mio scrivere vi paressi lungho, chome ho iscritto piu volte alla Maestà del Re, inputatelo a una singulare fede e devotione ho allo stato di Sua Maestà e della vostra illustri<ssi>ma Signoria, alla quale quanto più posso mi rachomando.",1468
http://vespasianodabisticciletters.unibo.it/tomasi-letter-31-maintext,"Per Giuliano vostro mi fu detto stamani della morte di Nicieno et per vostra parte che de' libri della Signioria sua non ne facessi nulla che voi ne fussi avisato. E libri sono volumi dieci, chome altra volta vi dissi, ne' quali sono tute l'opere di Sancto Augustino; de' quali dieci volumi per commissione della Signioria sua ne chonsegnai nove per vostra commissione a ser Nicholò; el decimo volume resta nelle mani mia, che s'ha a miniare e legare. El detto libro lo non lo darò a persona senza vostra saputa. Vorrei che voi operassi in ognimodo che i detti libri non vi uscissino delle mani et che egli vi rimanessino, perché in Italia non è la più degnia cosa di questa. Hocci messo anni tre di tempo et ho durato grandissima faticha a conducergli, in modo che avendo a fargli rifare un'altra volta, sarebbe non solo difficile, ma inpossibile. Avendo voi questi dieci volumi, vi mancha solo De civitate Dei, che l'avete voi bellissimo. Di poi, quando vi capitasse a casa qualche intendente, per una cosa singulare non aresti da mostrare simile a questa. Siché usate in questo la solita diligentia che usate in tutte l'altre vostre chose, acciò ch'elle vi rimanghino. Lorenzo, la singulare affectione ch'io ho sempre portato a tutta la Casa vostra mi fa pigliare sicurtà di ricordarvi quelle chose che ve n'abbi a risultare utile et honore. Quel sito di quella libreria ch'io ho ragionato altra volta colla Magnificentia Vostra, quanto più vi penso tanto più mi pare che sia opera degnia di voi, perché non biasimando ignuno de' vostri Passati questa ho speranza che non sarà niente inferiore a quelle. Anche userò dire questo: che gli è già lungo tempo che in Firenze non fu fatta la più degnia inventione di questa; et non ne ragiono con nessuno di questi che hanno qualche giudicio che non la lodino in infinito. Et èmi tanto piaciuta, che il Ducha di Chalavria e al Conte d'Urbino et al Signore Alexandro, che se ne dilettano assai, per mia lettere gli ho avisato di questa vostra deliberatione: i quali so che la loderanno assai. Ripigliate questo ch'io vi scrivo da Vespasiano, il quale è non meno zelante d'ogni vostra riputatione et honore, che del mio proprio. Racomandomi a voi.",1472
http://vespasianodabisticciletters.unibo.it/tomasi-letter-32-maintext,"Lorenzo, l'esserm'io allevato in chasa vostra per anni trenta cinque continovi chome credo che in buona parte vi sia noto - et sempre alla chasa vostra ho avuto ricorso in ogni mio bisognio, dalla quale ho sempre trovato favore nelle chose giuste et honeste; ora, non sendo voi qui, m'è occorso un chaso assai tristo, del quale io fo più conto che di chaso m'intervenissi mai da poi ch'io nacqui. Et questo è che uno Bartolomeo d'Antonio, il quale è stato in chasa nostra circha anni venticinque o più et nella sua morte il nostro fratello gli lasciò tanti beni che renderebbono duchati quaranta o più e lla tornata della chasa infino a tanto che togliessi moglie, che erano trenta o più, ora, pei suoi chattivi et non buoni costumi è circha a uno anno che io lo feci licenziare, che non fussi tanto ardito che tornassi più in chasa nostra, et s'egli aveva ragione di più una chosa che un'altra che lla dimandassi. Ora, sendo rimaste in chasa alchune sue chose, io gli feci dire da uno mio nipote che venissi per esse a sua posta. Risposegli che vi verrebbe quando gli paressi. Adì 23 del presente, a hore 21, non sendo in chasa nostra altro che una schiava, venne con uno portatore et per forza entrò in chasa, et ispezò duo chasse, et chavonne quello gli parve et mandollo via. Di poi che l'ebbe fatto, andò a trovare uno degli Otto et dissegli che, se io v'andassì a dolermi, quello ch'egli aveva fatto, il quale mandò per me subito et dissemi quanto era seghuito. Andandone all'uficio degli Otto, quando furono raghunati tutti, et dolsimi della villania che m'era stata fatta, che era d'un chattivissimo exemplo, et che gli è lungho tempo che non fu fatta mai la maggior villania di questa in Firenze. Hanno dimostro che il chaso dispiaccia loro sommamente et factomi buona risposta. Ora, perché io so quanto le chose malfatte et disoneste vi dispiacciono, delle quali questa è una, vi priegho che vi piaccia, per la singular fede et isperanza ho in voi, di far scrivere o in publicho o in particulare, chome parrà a voi meglio, al decto ufficio et racchomandarmi che delle chose giuste et honeste mi sia fatto ragione. Faccendolo, chome ispero et credo, metterò questo appiè di molti oblighi che ho cholla chasa vostra. A voi mi rachomando quanto più posso.",1476
http://vespasianodabisticciletters.unibo.it/tomasi-letter-33-maintext,"Compare carisimo, il mondo è già non solamente vechio, ma decrepito, e ogni cosa tende al suo fine. Voi vedete dove le cose sono. No<n> vi ci è altro nisi bene agere et letari. Io vi conforto che voi facciate ogni cosa potete per conservarvi ala vostra famiglia, che n'ha bisogno. Io ho una letera dal nostro Giovanni Batista, il quale si scusa a voi e racomandavisi che voi preg<h>iate Idio per lui, che lui istà cho la mente alienato per questi sua aversi casi. Fatelo, e il simile vi priega diciate a frate Batista lo facci fare a quegli sua frategli; e se v'è frate Nicholò, lo preg<h>iate lo facci lui e facilo farelo a que' novizi in chi lui ha grandisima fede. Fatelo che le sua virtù meritano ogni bene. Vorei che ale volte mi scrivesi un verso e no<n> vi dimenticasi di chi non si dimenticha di voi. Ricordivi dele consolationi ispirituali abiamo aùte insieme e tornate ispeso a noi, e no<n> vi dimenticate di voi medesimo. Voglia l'onipotente Idio le cose abino buon fine, ch'io non ce lo so vedere: nescio an simus digni odio vel amore. Idio ci aiuti. Ale volte non vi sia grave iscrivermi un verso, che sono qui in tera oblivionis. Questi contadini fanno dele loro. Qui preso a un miglio è morto un garzone di morbo e uno vechio usava a Sancta Maria Nuova ha fatto il medesimo. Sono dischosti a noi e le case istanno come stipate non lontano [?] dala capela a' boschi. Avisatemi quelo è di Bartolomeo e dov'è. A voi mi racomando.",1479
http://vespasianodabisticciletters.unibo.it/tomasi-letter-34-maintext,"Compare carisimo, ho la vostra letera e per quela vego fuste domenicha a Fiesole. Avendolo saputo, vi sarei venuto. Fu'vi mercoledì matina e trova'vi il Cedarno [?]. Volevo istarvi la sera; di poi Lorenzo de' Medici mandò per lui ed io me ne veni a noie un mondo ed entrato in uno <l>aberinto che vogli Idio che n'escha chon salute de l'anima e del corpo, che ne dubito asai. Ho piacere asai avendo inteso per la letera vostra come voi andate a Vila Magna per istarvi un pezo. Farete bene a conservarvi ala famiglia vostra, che non solo n'ha bisogno, ma nicistà. Sono lo tenpi da esere savio e da antipore la propia salute a tuta la roba del mondo, che son cose non si fanno se none una volta. Piacemi che voi andiate a Sancto Marcho per la facenda di Giovanni Batista, ch'è opera pia, e il simile li facciate voi, perché la sua bontà lo merita e de' sua pari se ne truova pochi. Quando sarete a Vila Magna fate ch'io lo sappi e avisatemi se v'è Lionardo Nasi figluolo di Pietro di Lutozo, perché sendovi no<n> volendo tornare li sarà a concerto da lui. Io non so quelo s'abbi a esere de' fatti nostri, vedendo venire contra di noi tanta persecutione tuta fondata in su' pecati e manchamenti nostri; e perseverandovi drento come facciamo, non so quelo si sia da sperare, se none male, perché non si rimovendo la causa dificilmente si posono rimuovere gl'efetti. L'onipotente Idio ci tenga le sue santisime mani in capo e non guardi alle nostre iniquità né a' pechati nostri, ma volti verso di noi la sua solita misericordia. Pierfilippo mi dise come mona Gostanza e que' garzoni ragionavano d'andare a marito, ma che se ne maravigliava e no<n> gli piaceva punto. Ãˆ partito che bisognava pensare inanzi l'avesino preso.",1479
http://vespasianodabisticciletters.unibo.it/tomasi-letter-35-maintext,"Vespasiano, Ser Lionardo viene costì. Priegovi che voi siate contento di farmi, voi et Lionardo, una fine insino a questo dì, come vi dirà Ser Lionardo. Io vendei i fiorini cinquantotto di Monte et posi la conditione a Francescho Panc<i>atichi et a Guido (come voi sapete, che tutto ho fatto con vostro consentimento) et vendute delle cose qui di casa, come fu quella sorta di panni si venderono, che aparischono vendute per me, et la camera. Di su tutte queste cose n'ho renduto buono conto. Io non voglio averle più a disputare. E più vi priego che voi faciate di quegli centotrentadua fiorini larghi, che io sono debitore a Jachopo di Francescho del Mazante bechaio et voi mallevadori, che si chiarischa che di detto debito io none sono apartenente a nulla; e di questo vi priego. Et se Lionardo nollo volessi fare, mi farebbe piglare amiratione. Siché fate che lo facia, et io sarò senpre parato a farvi, et all'uno et all'altro, ogni piacere. Rachomandomi a voi.",1480
http://vespasianodabisticciletters.unibo.it/tomasi-letter-36-maintext,"Io non so se pigliando a scriverti, mosso dal singulare amore ho sempre portato a Agnolo tuo marito et a tutta la Casa sua, sendo a me cosa nuova et aliena dalla mia professione, et so che saranno alcuni che forse mi biasimeranno: nientedimeno userò l'ufficio del fedelissimo amico di ricordare a te sua donna tutte quelle cose che si convengono a una pudicissima et honestissima fanciulla, che infra' mortali tu sia gloriosa. Molte saranno che nel parlare et ne' consigli ti daranno, tutti saranno alieni a quello si conviene alle pudicissime fanciulle: vanità, vestimenti, ornamenti del corpo; tutte cose externe et impertinenti alla pudicitia. Ãˆ sententia probatissima che pochi huomini o donne sono, che vadino drieto al vero et giusto governo et a quello che si conviene a una generosissima fanciulla come tu; benché sendo tu allevata sotto la disciplina materna, che sempre è stata volta alla via della inviolabile virtù, come ha dimostro ne' sua laudabili portamenti et mentre viveva el marito et di poi, rimanendo giovane vedova di non molti anni: ha voluto stare nello istato della sanctissima viduità et ha allevato sì degna famiglia come ha facto con tanta pudicitia et continentia quanto è vivuta et vive; meritamente è da essere honorata, come dice San Pagolo: Honorate le vedove' quelle che vere vedove sono. Dallo exemplo suo non ti puoi iscusare, perché te l'ha dato degno d'imitatione in tutti e gradi, così nel matrimonio come nella viduità. Ricordati che non l'essere nata di generosissimi parenti né ornare el corpo o il viso con lisci riprendendo la figura che ha facto l'omnipotente Iddio et volerla transmutare: questo è l'ufficio del più delle donne de' tempi nostri et in questo è tutto el loro studio pieno di vanità. A te bisogna essere ornata di pudicitia et honestà et di molte sanctissime opere, acciò che tu renda gratie al tuo Creatore, che non solo t'ha creata per questa peritura vita, ma per la eterna. A te non mancherà havere chi imitare, oltre a tua madre. Vai in una Casa che sempre è stata et è ornamento degli huomini et delle donne degne d'exemplo della nostra città. Et volessi Iddio che così si vivessi nell'altre case come sempre s'è facto in quella, che beate si potrebbero chiamare! Hai ancora per tuo exemplo la madre d'Agnolo istata sempre specchio d'honestà et continentia. Rimase giovane et bellissima del corpo, nella morte del suo marito, con tanta copia di figliuoli maschi et femine, et sempre è vivuta con grandissima continentia. Sarà a te in luogo di madre. Non ti partirai da' suoi consigli et pareri, come a te si conviene. Io non ti metterò innanzi per exemplo, havendo tu questi, Madonna Baptista de' Malatesti, donna singularissima che nel tempo viveva el marito suo fu exemplo a tutto el mondo di grandissima honestà; di poi morto, dette parte delle sue substantie a' poveri, et facto questo se n'andò in uno monasterio di donne sanctissime et quivi volle finire la vita sua sanctissimamente. Né ti metterò innanzi madonna Cecilia della Casa da Gonzagha bellissima di corpo quanto nessuna che fussi della sua età; fu maritata a uno grandissimo signore d'Italia et nel tempo ne dovea andare a marito si fuggì di casa del padre che era marchese di Mantova, et né prieghi paterni né materni la poteron mai muovere dal suo sanctissimo proposito, ma stette in questo sanctissimo monasterio tutto el tempo della vita sua et volle essere la minore di tutte in ogni cosa, et quivi volle morire, stimando più la vita futura che la presente. Io non ti metterò innanzi la sanctissima et immaculata virgine Catherina, della quale tu porti in terra el nome suo, che per conservatione della sua virginità volle mettere la propria vita. Né dirò nulla di Sancta Lucilla virgine, che per conservare la sua virginità si cavò gli occhi et missegli in uno bacino et mandogli a colui che gli disiderava, dicendogli: Eccho quello che tu hai amato. Et a questo modo lo fece rimanere confuso. Né ti dirò nulla di Cicilia virgine, che sopportò tante pene per conservarsi intacta et immaculata, come fe'. Né dirò nulla di Reparata virgine, che essendo d'età d'anni dodici, innanzi al tiranno, promettendogli molti tesori, gli rispuose: Io sono d'anni dodici; a me basta questa vita transitoria havere veduta, ma l'altra che è beata spero vederla et possederla. Non dico nulla di infinite donne christiane, che per zelo della religione andavano a' tiranni con i proprii figliuoli in collo, et quivi confessavano el nome di Christo et per lui dicevano volevano morire; et così facevano. Non dirò nulla d'infinite donne hebbon gli Ebrei, né della sanctissima Judith, né della fortissima Susanna: ne dirò nulla, a confusione de' christiani. Et se conoscerai che le donne paghane habbino havuto delle virtù non sono in te, di quelle riprenderai te medesima, et nella tua mente desta la vergognia che una donna pagana habbi vinta una christiana ne' costumi, pudicitia et in constantia et in qualunche altra virtù t'abbi superato. Isfòrzati di superare lei giusta a tuo potere! Vedi: non dico nulla di Portia figliuola di Catone et moglie di Bruto vendicatore della romana republica. Mettiti innanzi agli occhi la sua pudicitia, la sua constantia, la sua inviolabile fede et integrità la quale portò a Bruto suo marito; et haveva facto fermo proposito d'essere con lui in ogni caso, così prospero come adverso. Et a dimonstrare la sua constantia, non dico del coltello ignudo che in presentia del marito si passò el braccio da uno lato a l'altro, dicendogli di poi innanzi gli aprissi el suo secreto, che s'el padre gliel'avessi dato solo per essere sua compàgnia nel lecto et non in ogni caso della fortuna, che ella non harebbe mai consentito. Né dirò nulla di questa constantissima donna, che sendole nuntiata la morte del suo marito che gli era suto morto in battaglia, subito corse al fuocho et prese carboni accesi et mèssesegli in gola, et così volle morire, veduto morto quello a chi l'aveva dato la sua inviolabile pudicitia. Né metterò lo exemplo di Curia romana, donna pudicissima et fedelissima al suo marito, ch'ebbe tanto animo che, essendo confinato, lo nascose nella propria casa et quivi lo tenne più tempo tanto che lo salvò; et mai lo manifestò a persona, ma per meglio occultarlo andava in senato, in foro et per le piaze racomandando il suo marito agli amici et parenti, et piangendo amaramente scapigliata lo racomandava, et in questo modo lo salvò. Infinite donne romane ha havuta quella republica degne d'exemplo e d'imitatione. Hora ti metterai dinanzi agli occhi quelle che ti parranno più da essere imitate et quelle imiterai. L'animo tuo inviolabile e 'l tuo casto amore al tuo marito preserverai infino alla tua fine et farai quello che a una pudicissima et honestissima fanciulla si conviene. Saranno molti che ti diranno et a tua madre et a te che tu facci varie spetie d'ornamenti: chi ti dirà che tu facci ornamenti alle braccia, che dagli antichi erano chiamate armille; chi ti dirà che tu faccia ornamenti a pie' della vesta, che erano chiamati apresso gli antichi fimbrie et usavansi da' sacerdoti a pie' de' paramenti; chi ti dirà dell'ornamento intorno al collo et chi anelli di dito, che tutte sono cose mortali et caduche, che presto vengono meno. Piglierai questi admaestramenti et exempli de' sacri et de' gentili, i quali saranno gli ornamenti ch'io t'ho posto innanzi. Sono perle, rubini, balasci, thopazii, diacinti et ismaraldi et diamanti; et sono le vestimenta t'ho monstre tutte piene d'oro, di perle et di gemme, che si possono portare per tutte quelle le vorranno, et né mai per morte d'igniuno tuo parente bisogna che te lo cavi nella presente vita; et dopo la tua fine, vestita del pallio della immortalità tutti questi ornamenti, in sempiterno gli possederai. I vestimenti mortali et le gioie che harai in questa vita, come cose terrene et mortali presto l'arai a llasciare. Piglia adunche i perpetui et veri, et lascia i mortali et caduchi. Così faccendo, beata et felice ti chiamerai nella presente vita, et sarai facta dopo la tua fine hereda della heredità superna, insieme con le immaculatissime virgini et colle pudicissime et sanctissime donne.",1480
http://vespasianodabisticciletters.unibo.it/tomasi-letter-37-maintext,"Io non ho scripto alla Signioria Vostra già è più tempo, solo vedendovi in tante occupationi della spugnation di Otranto. Hora poi è piaciuto al clementissimo Idio d'havervi data tanta victoria, si può dire questa victoria non solo essere della Maestà del Re et della Signioria Vostra, ma di tutti i Christiani, ché l'offesa era universale e non particolare: però tutti i Christiani se ne doverebbono rallegrare di tanto beneficio ricevuto. In questa città non si poteva fare magiore allegreza che s'è fatta universalmente per tutta la città con suoni et lumi et processioni al clementissimo Idio di tanto beneficio ricevuto. Et tanto più si stima questo caso, quanto egli è giudicio universale di tutti gli intendenti che non solo al tempo de' moderni, ma degli antichi, non fusse fatta mai la più degna difesa di questa, né la più potente offesa. Perché se la Signioria Vostra considera qual fu l'offesa di Numantia et qual fu la difesa loro, dove i Romani stettono tanto tempo a campo, non v'era bombarde né spingarde né scopette né molte spetie di strumenti bellici che furono in cotesta città, et Numantia non l'acquistorono se non quando quegli della terra vollono. El simile si può dire di Sagunto, due espugnationi sì famose. Né i Greci mai ne hebbeno igniuna simile a questa, perché vedete Alexandro Magno, secondo che scrive Quinto Curtio, che trovandosi a campo a una terra, si gittò delle mura nella terra propria dove non era ripari né cosa alcuna. Come si vede delli moderni de' tempi nostri, el Duca Francesco andò a campo a Gradara con potentissimo exercito, et dopo più mesi che vi stette se ne levò con vergogna, et non l'acquistò; et non fu difeso nella forma che è stato difeso Otranto. Potrebbesi dire di Verona quando il Duca Filippo l'acquistò et che Nicolò Piccino vi entrò dentro, che lo fe' senza alcuna dfficultà, dove non fu ferito né morto persona. Vennevi poi il Duca Francesco, et non havendo Duca Filippo mandato soccorso a Nicolò Piccino, disperandosi et lui et quelli della terra, misono dentro el Duca Francesco, et senza cavare spada di guaina la raquistò. Ecci l'acquisto di Brescia fatto pel Conte Carimignola: dopo lunghissimo assedio l'acquistò, ma non con tanta difficultà quanto ha acquistato la Signioria Vostra Andò il Duca Francesco a campo a Milano, dove era uno governo senza ordine igniuno, et ivi stette più tempo; dipoi nel tempo che lui era in tutto disperato, et non gli parea poterlo acquistare et diterminava levarsi da campo, trovandosi in grandissimo disordine di danari et de ogni cosa et di questo n'haveva scripto lettere qui in Firenze, le quali ci sono i Melanesi di poi senza governo et senza ordine igniuno, per la superbia de' Venetiani che non vollono pigliare delle terre di Lombardia con le conditioni l'haveva el Duca Filippo, disperatisi i Melanesi perché i Venetiani gli havevano abandonati et non gli provedeano né di vettovaglia né di nulla, et eravi la fame grandissima; et tutto facevano questo i Venetiani, credendosi havergli condotti in luogo che fossino necessitati a darsi loro, et egli v'errorono, perché come disperati, quando el Duca Francesco era in tutto disperato della speranza d'haverla, lo chiamorno dentro et sì gliel dettono. Siché questa terra l'hebbe senza difficultà alcuna. Se sarà chi scriva questa expugnatione nel modo che ella è stata, et la difficultà è suto acquistarla, et la difesa ha fatta la Signioria Vostra et l'offesa de' nimici, et sarà scripta nel modo proprio che l'è, non sara inferiore né a' fatti degli antichi, né a que' de' moderni, facendo comparatione di questa a' fatti loro, come è detto. Resta la Signioria Vostra in grandisima gloria et riputatione, oltra al bene universale ne seguirà, perché si può dire questo essere fatto proprio per virtù et prudentia della Signioria Vostra, che non havete perdonato né a fatiche né a disagi, et mettere la persona vostra più volte a pericolo della propria vita. Io, come servidore della Signioria Vostra, questo medesimo ch'io ho scritto, l'ho detto et dirò in più luoghi; et come servidore di Vostra Illustrissima Signioria me ne sono tanto rallegrato, quanto di cosa habbi udita già lunghissimo tempo; et così credo habbino facto tutti i vostri servidori, per l'honore et reputatione ne segue alla Signioria Vostra, alla quale quanto più posso mi racomando.",1481
http://vespasianodabisticciletters.unibo.it/tomasi-letter-38-maintext,"Clarissime Vir etc. I'<ho> avuta vostra lettera. E prima a gl'uficiali del Monte: egl'hanno levato ognuno da g<i>uocho, per avergli rafermi per un anno ismembrati, perché i debiti vechi sono dati a gl'uficiali dele Vendite per fare loro lo stato cholmo e consolare questo popolo, che se n'è assai ralegrato, veduto essere venuti dove se n'è. La pititione si vinse, tirata a vericello. Ricordaretevi chol tempo d'una lettera vi scrissi sendo in villa, che letta l'avesti la gitasti in sul fuocho. Ãˆ certo di Salamone che dite: ullum violentum duraturum su<b> sole. A quegli vestono di monachino: sono suti condannati in fiorini cento per uno, e massime uno filosafo, che tuta questa terra se n'è maraviglata, Ruberto Salviati, Bartolo Corsi, Antonio di Carlo da G<h>iaceto, Ser Andrea Mini e più altri, i quali no<n> me n'e ricordo. Questi bastino. A la lista de' libri di Sancto Anbruogio: altra volta l'ebbi, non è molto tempo. I libri vi sono, bene che sia stata in comenda. E ci sono infinite cose da scrivere, le quali per la brevità del tempo no<n> le scrivo. Per altra iscriverrò più apieno. Racomandomi a voi.",1489
http://vespasianodabisticciletters.unibo.it/tomasi-letter-39-maintext,"Bemché per el tempo passato non t'habbia scripto, nientedimeno non ho dimenticato li beneficij riceputi dalla felice memoria di Philippo tuo padre, al quale io sono assai obbligato, et a te come a sua degna hereda. Non ho vogliuto incorrere nello errore incorrono molti: di non riconoscere li beneficij riceputi. Hora avendo io, come credo che tu sappi, mandato a Philippo tuo padre le Vite overo commentario d'alcuni huomini degni ha havuto la Casa vostra, non inferriore a niuna altra Casa di Firenze per tanti singulari uomini quanto l'ha havuta; havendo io mandato le Vite di quelli de Casa vostra, come è decto, a Philippo tuo padre, m'è paruto come che tu sia degna hereda debbi partecipare di queste mia vigilie facte con tanta faticha. Havendo io facto alcune Vite d'huomini singulari, n'ho preso alcune d'huomini che sono stati in questa età in grandissimo stato et conditioni appresso di più principi: le quali vite sono d'huomini notissimi et amicissimi della buona memoria di Philippo tuo padre; et conoscerai per quelle quanto la fortuna sia stata varia nelle vite loro, così nella prosperità come nell'adversità. Sarrà, la prima, la vita di miser Antoniello d'Aversa, el quale fo ne' tuoi dì in grandissimo stato, di poi la fortuna gli si volse, come tu vedesti, di natura ch'egli è e sarà exemplo a tutto il mondo. L'altra vita si è di Miser Mattheo Malferrita, el qual fu assai extimato dal Re Alphonso. Sarrà l'altra la vita di miser Antonio Cicinello, che fo sì disposto gentilhuomo quanto habbia havuto el reame di Napoli, et fu assai noto a Philippo tuo padre et hebbelo in grandissima reverentia. Saravvi ancora per exemplo della varia fortuna dua vite di dua singulari huomini, che l'uno governò longho tempo el reame d'Inghilterra, l'altro governò el reame di Spagnia anni quaranta o più: quello d'Inghilterra fu Meser Giovanni Duca d'Ulsestri, l'altro fu l'Alvaro di Luna, di natione catellana. Et èvi la vita del Conte Camerlingho, chiamato Meser Inicho de Davalos, nato di Casa reale, quale fu di disposti gentilhuomini havessi el reame di Napoli et notissimo fu a Philippo tuo padre. Et perché come era noto a Philippo et a tutti quelli si trovorono in quel tempo che la Maestà del Re ruppe el Duca Giovanni a Troia, donde ni sequitòe d'acquistare lui el regno liberamente - et perché in questo facto d'arme vi fu Capitano el Signor Alesandro Sforza, mi è paruto di mettere la vita sua in questo ultimo dove si narra tutto quello facto dell'arme, che fu dignissima cosa: et conobessi in questo facto d'arme et la prudentia della Maestà del Re in pigliare el partito preso, et la peritia grande della disciplina militare del signor Alesandro. Tutte le cose sono scripte in le Vite decte di sopra l'ho avute parte dalle proprie persone, et l'altre da huomini dignissimi di fede. Non ho potuto in altro dimostrarti l'affectione mia inverso di te, che mandarti queste Vite et fare quanto io posso che tu sia immortale con la memoria delle lettere. Benché in me non sia elloquentia si converrebbe ad una tanta degna opera, nientedimeno niuno non può dare se non quello ha. Io adunque non t'ho potuto dare altro se non questi brievi commentari di Vite, come tu vedrai, che già sono trascripte et in bievi dì le farò finire del tutto et mandaròtelle: le quale tu terrai in memoria dell'amicitia ho tenuta con Philippo tuo padre et del simile in te, come è decto, suo degno hereda.",1493
http://vespasianodabisticciletters.unibo.it/tomasi-letter-40-maintext,"Giovanni, io ho scritto a Lucha degl'Albizi una letera <che> sarà chon questa: mandala, e per Bastiano la mandi. Sommi alargato assai chon di<r>gli apertamente quello intendo. Conoscho che la mag<i>ore carestia abino gl'uomini sia che non abino chi dicha loro il vero. Sai che papa Nichola diceva che si riputava infilicie per none entrare persona drento ala sogl<i>a del uscio dela camera sua che dicesse il vero di cosa ch'egli 'ntendesse; e papa Pio diceva che a Lodi e a Piagenza andava ognuno volentieri, ma che a Verona non si trovava chi vi volesse andare. Io, per none inchorere in questo erore a Lucha e Alesandro, sono ito a Verona. Io m'aposi ieri dela petitione, che la non si vincerebbe, e che Bernardo vi parlerebbe suso temperatamente, e meterebela una volta o dua; e così intendo ch'egli ha fatto. Antonio Corsini deb'esere tornato a dormire a casa, ch'è una vergogna che la Signoria sia condotta avere a far a senno de' Colegi. Nofri Seristori dicie che va ala via di frate Girolamo e non s'è inteso chol Gonfaloniere. Vedi dove noi siamo condotti! Bisogna che Iddio sia quello aconci queste cose lui, poiché gl'uomini no<n> sono bastanti a potello fare loro. Guai a quella città che viene in mano del popolo: che vedi che Aristotele la danna, e metelo per lo più pesimo governo che sia, e chiamalo feccia del popolo, in latino fes popularis; e noi ci siamo drento infino agl'ochi! Le guerre civili sono la più pesima chosa abbi una città, donde seguitò la rovina di Roma, e di qui naque Mario e Silla che guastorono Roma, che vedi che a uno suono d'una tromba furono morti ventimila cittadini. Queste discordie si vegono sono dond'hanno origine le discordie civili, perché, come dicie Petrarcha, che questa è l'usanza de' citadini, che l'uno infiamma l'altro, e di qui naschono le guerre civili. A Firenze è già venuto questo principio. E se ttu cercherai l'origine di queste guerre, troverai ch'e sua difetti sono di ciaschuno citadino per sé. Seguita il Petrarcha: E se mi cercherai il suo origine, troverai che la sua radice è negli errori e difetti di ciascheduno citadino per sé. Seguita una cosa <che> è quella dela quale io t'amunischo: che tu guardi che tu non sia uno di quegli che nutrichi il fuocho civile chol tuo sofiare e chole tua legne; pensa se tu conosci a Firenze ignuno che facci quest'arte. Nota bene le parole del Petrarcha circha le discordie de' citadini, e credo che, al mondo non sia il mag<i>ore male di questo; e però vedi quello che dicie: De' mali del mondo ignuno male è più da piagnere che 'l male civile, anche come da moltisimi gravi iscritori pare che ignuno altro si può chiamare male, considerato il male civile. Nele discordie de' citadini si vuole esere mezano a cercare la pacie fra loro; e se questo non vale, almeno tieni la parte dela libertà e dela g<i>ustitia dela tua città, se ttu dovessi bene ri manere solo. Una città, cioè Roma, te ne può dare l'esenpro. Nelle discordie delle città, quando uno citadino è confinato, pare sia danno propio; ma chi bene lo considera, c<i>ò è danno di tuti i citadini. Questo di questa letera ch'io t'ho iscritto si può riputare chosa miracolosa. Avend'io iscritta una parte e andando in camera, in su uno descho trovai una vita di quello ti scrivo del Petrarcha che no<n> potrebbe esere più a proposito <che> è delle cose vanno atorno. Se 'l Cavalcante intendesse quello t'ho scritto, direi mostragl<i>ela; ma egli no<n> lo intenderebbe. Gusta bene le cose ci sono, che sono a proposito de' presenti tempi. A tte mi racomando.",1497
http://vespasianodabisticciletters.unibo.it/tomasi-letter-41-maintext,"Carissime frater et cetera. El Phedone di Platone che mi prestasti l'ho già tutto scripto et ricorretto, et manchami da scrivere: il perché, pigliando in voi la sicurtà usata, vi priegho charissimamente che adoperiate di farmi avere, se possibile è, il Gorgia overamente l'Epistole sue, o almancho el Thimeo, s'è traslatato cioè per messer Leonardo. Sarete cagione ch'io non perda tempo, peroché qua su mi dilecta non meno lo scrivere ch'el leggere, et parmi havere d'avanzo ogni cosa ch'io ci fo. Et quanto più presto me 'l manderete, tanto ve ne sarò più oblighato. E datelo, per meno vostra faticha, ad Andrea pettinatore, che sta in una casetta di Piero Acciaioli et che forse vi darà questa lettera, perché spesso ci viene a vedere. Ãˆ giovane d'afidargli ogni cosa. Pregovi m'avisiate se chostà è alchuna cosa di nuovo, et quel che è seguito dello Studio, peroché tutto mi sarà aceptissimo. Manderè<i>vi de' becchafichi, se ce ne fussono. Ma in questo anno se n'è veduti pochissimi, et maxiine qua su fra queste montagnuole dove el vento può assai. Harete pertanto patientia, come noi. Le proferte del venire a vederci son facte già più volte; el mettere ad executione sta hora a voi. Salutate per mia parte Jacopo de' Rossi et Domenico di Carlo, et in primis il mio Ser Pellegrino. Et a Goro da Legnaia mi rachomandate quanto potete. Né altro per questa. Dominus tecum.",1444-1448
http://vespasianodabisticciletters.unibo.it/tomasi-letter-42-maintext,"Pierfilippo, io ti scrissi d'agosto per altra mia, e quelo significharò ora a tte: ch'e pechati <che> fai non sono per ignoranza, ma per l'oposito. Ti ricordo che 'l vivere è dato da Dio per gratia, e la morte per pena di pechato. In tuti gl'uomini, come tu sai, questo naturale apetito di vivere, e per chonseguitare questo efetto è necesario farne ogni chosa. Io non so donde in te si nascha tuto l'oposito in tute l'operationi tua, che questo desiderio pare che in te non solo sia istinto, ma morto, e di questo ce ne sono pruove infinite. In prima, del continovo ocupato i<n> mile fantasie, nele quali il dì e la notte mai non pe<n>ssi a altro, e pieno di mile farnetichi di roba, di stati, in forma tale che non solo hai un'ora di tempo vacua, ma tu non hai un momento. Ãˆ necesario, questo corpo debole fragile inerme, aiuta<r>lo e no<n> gli porre tanta soma adosso <che> no<n> la possi portare e non ti lasci tra via: e potràti dolere alora di te, e none di lui; la faticha, tanta che la duri. Credo che il principale ogetto sia per onore e per l'utile; e quest'utile e onore lo volli non solo a tte, ma i tua figluoli, pe' quali grande parte di questo peso t'hanno fatto metere in su le spale. A tute queste cagioni dette di sopra per che tu t'afatichi è necesario il vivere, e questo non si può fare se tu non levi questi pesi di su gli omeri tua e po<n>gli a quegli che sono servi da natura e in chi non sono le dote sono in te, le quali l'hai aquistate con sudore e faticha; ed è da dolersi assai che chosì vilmente e per sì vil chosa elle si perdano in te, in el quale grandi frutti aspetava la patria la quale t'ha ingenerato: da tte, che vedi in quanta penuria ela ne sia venuta e ognindì va. Io ora, per tornare donde mi sono partito, a vole<r>gli levare qualche peso di questi <che> ha, è necesario levarti da Firenze e venire qui in questo luogo ameno e dolce, dove boschi, monti degnisimi, fonti, torenti, rivi chiarisimi t'aspetano, e ti chiamano che tu none indugi più, che '1 tempo passa; gli alberi dichono che ti serbano le foglie, che tu venga inanzi le perda<no>. Qui <è> una chamera che t'aspetta, che sarà tua e mia, ed ha molte degne prerogative: l'una, che in quella non abergò mai pensiero ignuno che t'inpedisse non solo un'ora, ma uno momento; ècene un'altra, che è conservatrice dela vita e degli spiriti vitali: questa è che mai ci abergò donne, che sono la distruzione dela vita nostra. Eccene anchora un'altra, ch'è spetie ignuna d'animali che t'abino a inpedire il sonno, né zenzare, né simili; l'aria in forma tale, che ogni chorpo per debole e infermo che sia subito ripiglia le pristine forze. E per darti qualche saggio o gusto d'alcuna di queste chose, ieri Bernardo Jachopi et io andamo in su' più alti monti di questi paesi, dove vedevamo tuto il Valdarno e infino a Pisa tuta la chanpagnia ispazata. Tuto questo è pieno di fonti amenisime, e in su la cima era un piano grandisimo dove trovamo pastori chon pechore. Di poi andamo apresso a un boscho, in una rottura d'un monte tuto pieno d'alberi intorno, e in questa rottura trovamo una chiesa, dove trovamo il prete; e subito acese un grande fuocho e, poste le tavole, aparechiò con tovaglie candidisime, e arechò bonisimi frutti e un vino vechio de' più solenni abbi beùto questo anno. E non ti dicho le chareze e le grate achoglienze ci fece! Montamo a chavalo circha a ore 22 esendo in su questo monte altisimo. Ala tornata ti chiamamo e Bernardo ed io infinite volte, detestando le pazie degl'uomini. Iscendemo questo monte; e di poi avemo isceso circha un mezo miglio o più, venimo a chasa un contadino dov'era una degnisima fonte con tavole di pietra. Vole facesimo colezione e non volemo d'uno vino solenisimo, che tuta questa montagnia n'era ferti<li>sima, non puoi andare in falo. Partiti da chasa questo contadino, venimo a casa Localo, id est a casa Franciescho Nori, e quivi vedemo fonti, vivai e grandisime abondanze d'aque, orti pensili, chapele fatte di nuovo, muri fatti per forza chon grandisima magnificenza. Partiti di quivi, venimo a chasa Galeotto Cei, ch'è dischosta circha un mezo miglio; e trovàmolo in su uno ameno prato apresso a un pozo, chola donna e i figluoli e la moglie d'Agostino Biliotti, i quali tutti ci feciono careze assai e volono che noi beesimo d'uno gentilisimo vino. A Galeotto non volemo, ma pigliamo licenza da lui e avemo lungo ragionamento de' fatti tua, facendo fermo proposito che tu venissi ora, aconciandosi il tempo e sendo buono già. Chiamato, pregato, exortato, vieni e none indugiare, che se gusti di questi soavi cibi dela vila, ogni altro cibo ti parrà amaro. Vale. E questa lettera abbi cura per nula che le Capitudini no la vegano, acciò non abino invidia. E un'altra filicità è in questa chasa, che no<n> la tacerò: che qui non si g<i>uchò mai né g<i>ucherà a g<i>uocho ignuno: che non è da stima<r>la pocho. Iterum vale.",1480-1485
